{
  "id": "4500003",
  "name": "音乐网站",
  "font_family": "iconfont",
  "css_prefix_text": "icon-",
  "description": "",
  "glyphs": [
    {
      "icon_id": "13478746",
      "name": "编辑",
      "font_class": "A",
      "unicode": "e6f0",
      "unicode_decimal": 59120
    },
    {
      "icon_id": "16175475",
      "name": "编辑",
      "font_class": "bianji",
      "unicode": "e657",
      "unicode_decimal": 58967
    },
    {
      "icon_id": "31425943",
      "name": "关闭",
      "font_class": "guanbi",
      "unicode": "e611",
      "unicode_decimal": 58897
    },
    {
      "icon_id": "9432063",
      "name": "play_paly",
      "font_class": "play_paly",
      "unicode": "e61f",
      "unicode_decimal": 58911
    },
    {
      "icon_id": "1621427",
      "name": "播放",
      "font_class": "bofang6",
      "unicode": "e61c",
      "unicode_decimal": 58908
    },
    {
      "icon_id": "765290",
      "name": "我的",
      "font_class": "shouye",
      "unicode": "e615",
      "unicode_decimal": 58901
    },
    {
      "icon_id": "5057544",
      "name": "我的",
      "font_class": "wode",
      "unicode": "e61a",
      "unicode_decimal": 58906
    },
    {
      "icon_id": "5440937",
      "name": "房子",
      "font_class": "fangzi",
      "unicode": "e6dd",
      "unicode_decimal": 59101
    },
    {
      "icon_id": "5650485",
      "name": "房子",
      "font_class": "icon-test",
      "unicode": "e604",
      "unicode_decimal": 58884
    },
    {
      "icon_id": "9855911",
      "name": "收藏",
      "font_class": "shoucang1",
      "unicode": "e613",
      "unicode_decimal": 58899
    },
    {
      "icon_id": "14584730",
      "name": "xia",
      "font_class": "xia",
      "unicode": "e628",
      "unicode_decimal": 58920
    },
    {
      "icon_id": "16198819",
      "name": "个人主页",
      "font_class": "gerenzhuye",
      "unicode": "e653",
      "unicode_decimal": 58963
    },
    {
      "icon_id": "29156391",
      "name": "我的",
      "font_class": "wode1",
      "unicode": "e65e",
      "unicode_decimal": 58974
    },
    {
      "icon_id": "29474814",
      "name": "历史记录",
      "font_class": "lishijilu",
      "unicode": "e69d",
      "unicode_decimal": 59037
    },
    {
      "icon_id": "39593726",
      "name": "仓库房子",
      "font_class": "a-cangkufangzi",
      "unicode": "e60c",
      "unicode_decimal": 58892
    },
    {
      "icon_id": "39593740",
      "name": "家农村房子",
      "font_class": "a-jianongcunfangzi",
      "unicode": "e60d",
      "unicode_decimal": 58893
    },
    {
      "icon_id": "1244758",
      "name": "喜欢",
      "font_class": "xihuan",
      "unicode": "e60e",
      "unicode_decimal": 58894
    },
    {
      "icon_id": "2076194",
      "name": "喜欢",
      "font_class": "xihuan1",
      "unicode": "e86f",
      "unicode_decimal": 59503
    },
    {
      "icon_id": "3851361",
      "name": "列表",
      "font_class": "liebiao",
      "unicode": "e660",
      "unicode_decimal": 58976
    },
    {
      "icon_id": "7629060",
      "name": "列表",
      "font_class": "liebiao1",
      "unicode": "e6b6",
      "unicode_decimal": 59062
    },
    {
      "icon_id": "444564",
      "name": "播放",
      "font_class": "bofang",
      "unicode": "e66a",
      "unicode_decimal": 58986
    },
    {
      "icon_id": "444572",
      "name": "随机播放",
      "font_class": "suijibofang",
      "unicode": "e672",
      "unicode_decimal": 58994
    },
    {
      "icon_id": "444577",
      "name": "暂停",
      "font_class": "zanting1",
      "unicode": "e677",
      "unicode_decimal": 58999
    },
    {
      "icon_id": "688128",
      "name": "下一个 下一首",
      "font_class": "xiayigexiayishou",
      "unicode": "e7a5",
      "unicode_decimal": 59301
    },
    {
      "icon_id": "1159898",
      "name": "随机播放",
      "font_class": "suijibofang1",
      "unicode": "e622",
      "unicode_decimal": 58914
    },
    {
      "icon_id": "1203859",
      "name": "play",
      "font_class": "play",
      "unicode": "e63a",
      "unicode_decimal": 58938
    },
    {
      "icon_id": "1244759",
      "name": "下载",
      "font_class": "xiazai",
      "unicode": "e60f",
      "unicode_decimal": 58895
    },
    {
      "icon_id": "2767705",
      "name": "下一首",
      "font_class": "icon-",
      "unicode": "e648",
      "unicode_decimal": 58952
    },
    {
      "icon_id": "2767707",
      "name": "上一首",
      "font_class": "icon-1",
      "unicode": "e649",
      "unicode_decimal": 58953
    },
    {
      "icon_id": "2815702",
      "name": "播放",
      "font_class": "bofang1",
      "unicode": "e601",
      "unicode_decimal": 58881
    },
    {
      "icon_id": "3779679",
      "name": "暂停",
      "font_class": "zanting2",
      "unicode": "e627",
      "unicode_decimal": 58919
    },
    {
      "icon_id": "4275548",
      "name": "播放",
      "font_class": "bofang2",
      "unicode": "e603",
      "unicode_decimal": 58883
    },
    {
      "icon_id": "4292613",
      "name": "播放",
      "font_class": "bofang3",
      "unicode": "e754",
      "unicode_decimal": 59220
    },
    {
      "icon_id": "4520185",
      "name": "暂停",
      "font_class": "zanting3",
      "unicode": "e692",
      "unicode_decimal": 59026
    },
    {
      "icon_id": "4954948",
      "name": "暂停",
      "font_class": "zanting4",
      "unicode": "e65d",
      "unicode_decimal": 58973
    },
    {
      "icon_id": "5774419",
      "name": "icon_next",
      "font_class": "icon-2",
      "unicode": "e73c",
      "unicode_decimal": 59196
    },
    {
      "icon_id": "5774420",
      "name": "icon_previous",
      "font_class": "icon-3",
      "unicode": "e73d",
      "unicode_decimal": 59197
    },
    {
      "icon_id": "6338161",
      "name": "音量",
      "font_class": "yinliang",
      "unicode": "e646",
      "unicode_decimal": 58950
    },
    {
      "icon_id": "6938867",
      "name": "顺序播放",
      "font_class": "shunxubofang",
      "unicode": "e60a",
      "unicode_decimal": 58890
    },
    {
      "icon_id": "10313131",
      "name": "音频-顺序播放",
      "font_class": "yinpin-shunxubofang",
      "unicode": "e618",
      "unicode_decimal": 58904
    },
    {
      "icon_id": "11428242",
      "name": "下一首-01",
      "font_class": "xiayishou-",
      "unicode": "e610",
      "unicode_decimal": 58896
    },
    {
      "icon_id": "11428248",
      "name": "上一首-01",
      "font_class": "shangyishou-",
      "unicode": "e612",
      "unicode_decimal": 58898
    },
    {
      "icon_id": "18965480",
      "name": "单曲循环",
      "font_class": "danquxunhuan",
      "unicode": "e6a2",
      "unicode_decimal": 59042
    },
    {
      "icon_id": "23529566",
      "name": "播放",
      "font_class": "bofang4",
      "unicode": "e60b",
      "unicode_decimal": 58891
    },
    {
      "icon_id": "27411106",
      "name": "上一首",
      "font_class": "shangyishou",
      "unicode": "e718",
      "unicode_decimal": 59160
    },
    {
      "icon_id": "27804877",
      "name": "收藏",
      "font_class": "shoucang",
      "unicode": "100ad",
      "unicode_decimal": 65709
    },
    {
      "icon_id": "34631676",
      "name": "播放",
      "font_class": "bofang5",
      "unicode": "e6a9",
      "unicode_decimal": 59049
    },
    {
      "icon_id": "39595706",
      "name": "下一首",
      "font_class": "a-xiayishouduomeiti",
      "unicode": "e65b",
      "unicode_decimal": 58971
    },
    {
      "icon_id": "2380684",
      "name": "音乐",
      "font_class": "yinle",
      "unicode": "e623",
      "unicode_decimal": 58915
    },
    {
      "icon_id": "4513254",
      "name": "音乐",
      "font_class": "yinle1",
      "unicode": "e731",
      "unicode_decimal": 59185
    },
    {
      "icon_id": "13168191",
      "name": "音乐",
      "font_class": "yinle2",
      "unicode": "e703",
      "unicode_decimal": 59139
    },
    {
      "icon_id": "39608770",
      "name": "音乐音效",
      "font_class": "a-yinleyinxiaoduomeiti",
      "unicode": "e67d",
      "unicode_decimal": 59005
    },
    {
      "icon_id": "39669841",
      "name": "音乐",
      "font_class": "a-Sheetmusic",
      "unicode": "e73a",
      "unicode_decimal": 59194
    }
  ]
}
